USUBJID,TRT01P,ALTULN,BILIULN
XYZ123-0101,Placebo,0.36,0.58
XYZ123-0102,Drug A 10 mg,0.98,0.4
XYZ123-0103,Drug A 20 mg,3.03,0.39
XYZ123-0104,Placebo,0.93,0.46
XYZ123-0105,Drug A 10 mg,0.82,0.31
XYZ123-0106,Drug A 20 mg,1.63,0.57
XYZ123-0107,Placebo,1.97,0.73
XYZ123-0108,Drug A 10 mg,4.18,0.9
XYZ123-0109,Drug A 20 mg,0.36,0.58
XYZ123-0110,Placebo,6.72,3.09
XYZ123-0111,Drug A 10 mg,3.47,0.25
XYZ123-0112,Drug A 20 mg,6.08,2.78
XYZ123-0113,Placebo,1.05,0.15
XYZ123-0114,Drug A 10 mg,1.29,0.46
XYZ123-0115,Drug A 20 mg,2.01,0.28
XYZ123-0116,Placebo,1.37,0.45
XYZ123-0117,Drug A 10 mg,2.23,1.03
XYZ123-0118,Drug A 20 mg,1.26,0.37
XYZ123-0119,Placebo,0.37,0.89
XYZ123-0120,Drug A 10 mg,2.55,1.13
XYZ123-0121,Drug A 20 mg,0.76,0.65
XYZ123-0122,Placebo,3.02,0.26
XYZ123-0123,Drug A 10 mg,14.27,1.48
XYZ123-0124,Drug A 20 mg,0.64,0.33
XYZ123-0125,Placebo,1.21,0.39
XYZ123-0126,Drug A 10 mg,1.34,1.08
XYZ123-0127,Drug A 20 mg,0.74,0.3
XYZ123-0128,Placebo,1.68,0.86
XYZ123-0129,Drug A 10 mg,1.22,0.2
XYZ123-0130,Drug A 20 mg,1.24,0.33
XYZ123-0131,Placebo,0.8,0.43
XYZ123-0132,Drug A 10 mg,1.79,0.32
XYZ123-0133,Drug A 20 mg,0.91,0.51
XYZ123-0134,Placebo,0.84,1.58
XYZ123-0135,Drug A 10 mg,0.34,0.47
XYZ123-0136,Drug A 20 mg,0.93,0.4
XYZ123-0137,Placebo,1.99,0.44
XYZ123-0138,Drug A 10 mg,0.83,0.38
XYZ123-0139,Drug A 20 mg,1.52,0.22
XYZ123-0140,Placebo,1.0,0.44
XYZ123-0141,Drug A 10 mg,0.47,0.66
XYZ123-0142,Drug A 20 mg,0.62,0.41
XYZ123-0143,Placebo,1.28,0.38
XYZ123-0144,Drug A 10 mg,1.55,0.8
XYZ123-0145,Drug A 20 mg,0.9,0.29
XYZ123-0146,Placebo,2.28,0.64
XYZ123-0147,Drug A 10 mg,2.83,0.57
XYZ123-0148,Drug A 20 mg,12.41,0.89
XYZ123-0149,Placebo,0.5,2.2
XYZ123-0150,Drug A 10 mg,1.82,0.27
XYZ123-0151,Drug A 20 mg,1.71,0.4
XYZ123-0152,Placebo,0.77,1.09
XYZ123-0153,Drug A 10 mg,0.39,0.36
XYZ123-0154,Drug A 20 mg,1.62,0.37
XYZ123-0155,Placebo,2.11,0.82
XYZ123-0156,Drug A 10 mg,0.86,0.85
XYZ123-0157,Drug A 20 mg,12.04,4.29
XYZ123-0158,Placebo,0.46,0.32
XYZ123-0159,Drug A 10 mg,1.01,0.47
XYZ123-0160,Drug A 20 mg,1.13,0.78
XYZ123-0161,Placebo,0.39,0.66
XYZ123-0162,Drug A 10 mg,1.31,0.61
XYZ123-0163,Drug A 20 mg,0.28,1.76
XYZ123-0164,Placebo,1.26,0.79
XYZ123-0165,Drug A 10 mg,0.59,0.32
XYZ123-0166,Drug A 20 mg,0.65,0.57
XYZ123-0167,Placebo,1.48,0.43
XYZ123-0168,Drug A 10 mg,1.75,0.63
XYZ123-0169,Drug A 20 mg,0.79,2.21
XYZ123-0170,Placebo,1.66,0.69
XYZ123-0171,Drug A 10 mg,0.62,0.3
XYZ123-0172,Drug A 20 mg,0.51,0.56
XYZ123-0173,Placebo,2.68,0.58
XYZ123-0174,Drug A 10 mg,0.97,2.22
XYZ123-0175,Drug A 20 mg,0.65,0.23
XYZ123-0176,Placebo,0.58,0.83
XYZ123-0177,Drug A 10 mg,21.51,1.84
XYZ123-0178,Drug A 20 mg,1.38,0.27
XYZ123-0179,Placebo,0.49,0.52
XYZ123-0180,Drug A 10 mg,0.73,0.39
XYZ123-0181,Drug A 20 mg,2.03,0.23
XYZ123-0182,Placebo,0.68,0.55
XYZ123-0183,Drug A 10 mg,1.38,0.45
XYZ123-0184,Drug A 20 mg,0.74,0.44
XYZ123-0185,Placebo,1.32,0.26
XYZ123-0186,Drug A 10 mg,1.44,0.46
XYZ123-0187,Drug A 20 mg,2.0,0.97
XYZ123-0188,Placebo,0.43,0.89
XYZ123-0189,Drug A 10 mg,1.6,0.51
XYZ123-0190,Drug A 20 mg,0.94,0.37
XYZ123-0191,Placebo,2.33,1.66
XYZ123-0192,Drug A 10 mg,1.39,0.19
XYZ123-0193,Drug A 20 mg,1.01,0.36
XYZ123-0194,Placebo,2.28,4.87
XYZ123-0195,Drug A 10 mg,0.59,0.21
XYZ123-0196,Drug A 20 mg,0.97,0.18
XYZ123-0197,Placebo,5.83,1.25
XYZ123-0198,Drug A 10 mg,1.25,0.57
XYZ123-0199,Drug A 20 mg,0.92,1.02
XYZ123-0200,Placebo,0.48,0.51
XYZ123-0201,Drug A 10 mg,1.21,0.26
XYZ123-0202,Drug A 20 mg,1.72,0.26
XYZ123-0203,Placebo,1.51,0.21
XYZ123-0204,Drug A 10 mg,2.58,0.69
XYZ123-0205,Drug A 20 mg,2.28,1.3
XYZ123-0206,Placebo,1.29,0.3
XYZ123-0207,Drug A 10 mg,1.43,0.49
XYZ123-0208,Drug A 20 mg,0.51,0.42
XYZ123-0209,Placebo,1.86,0.5
XYZ123-0210,Drug A 10 mg,2.17,0.82
XYZ123-0211,Drug A 20 mg,0.73,0.84
XYZ123-0212,Placebo,0.84,0.3
XYZ123-0213,Drug A 10 mg,0.86,0.15
XYZ123-0214,Drug A 20 mg,1.15,0.5
XYZ123-0215,Placebo,1.51,0.48
XYZ123-0216,Drug A 10 mg,1.2,0.81
XYZ123-0217,Drug A 20 mg,0.81,0.39
XYZ123-0218,Placebo,1.08,0.75
XYZ123-0219,Drug A 10 mg,1.23,0.37
XYZ123-0220,Drug A 20 mg,0.28,0.43
XYZ123-0221,Placebo,3.25,2.6
XYZ123-0222,Drug A 10 mg,0.95,0.32
XYZ123-0223,Drug A 20 mg,0.73,0.78
XYZ123-0224,Placebo,1.27,0.59
XYZ123-0225,Drug A 10 mg,0.72,0.36
XYZ123-0226,Drug A 20 mg,0.36,0.43
XYZ123-0227,Placebo,1.13,0.29
XYZ123-0228,Drug A 10 mg,0.88,0.49
XYZ123-0229,Drug A 20 mg,0.56,0.47
XYZ123-0230,Placebo,8.52,1.5
XYZ123-0231,Drug A 10 mg,1.55,0.43
XYZ123-0232,Drug A 20 mg,0.81,0.62
XYZ123-0233,Placebo,1.33,0.66
XYZ123-0234,Drug A 10 mg,2.12,0.61
XYZ123-0235,Drug A 20 mg,0.41,0.26
XYZ123-0236,Placebo,2.69,0.48
XYZ123-0237,Drug A 10 mg,1.14,0.42
XYZ123-0238,Drug A 20 mg,1.02,0.11
XYZ123-0239,Placebo,0.86,0.99
XYZ123-0240,Drug A 10 mg,1.32,0.33
XYZ123-0241,Drug A 20 mg,1.3,0.64
XYZ123-0242,Placebo,0.27,0.55
XYZ123-0243,Drug A 10 mg,1.98,0.2
XYZ123-0244,Drug A 20 mg,0.77,0.53
XYZ123-0245,Placebo,1.23,0.49
XYZ123-0246,Drug A 10 mg,3.8,0.52
XYZ123-0247,Drug A 20 mg,1.0,0.47
XYZ123-0248,Placebo,0.7,0.47
XYZ123-0249,Drug A 10 mg,1.42,0.6
XYZ123-0250,Drug A 20 mg,2.69,0.51
XYZ123-0251,Placebo,0.99,0.4
XYZ123-0252,Drug A 10 mg,5.74,1.44
XYZ123-0253,Drug A 20 mg,0.48,0.43
XYZ123-0254,Placebo,0.32,1.69
XYZ123-0255,Drug A 10 mg,0.93,0.62
XYZ123-0256,Drug A 20 mg,1.12,0.68
XYZ123-0257,Placebo,3.14,0.37
XYZ123-0258,Drug A 10 mg,1.29,1.63
XYZ123-0259,Drug A 20 mg,1.95,0.38
XYZ123-0260,Placebo,9.6,1.67
XYZ123-0261,Drug A 10 mg,6.87,5.4
XYZ123-0262,Drug A 20 mg,0.82,0.99
XYZ123-0263,Placebo,2.21,1.22
XYZ123-0264,Drug A 10 mg,1.23,0.63
XYZ123-0265,Drug A 20 mg,0.84,0.27
XYZ123-0266,Placebo,0.37,0.61
XYZ123-0267,Drug A 10 mg,0.94,0.72
XYZ123-0268,Drug A 20 mg,0.89,0.33
XYZ123-0269,Placebo,2.73,0.32
XYZ123-0270,Drug A 10 mg,2.36,0.31
XYZ123-0271,Drug A 20 mg,1.01,0.71
XYZ123-0272,Placebo,1.64,0.14
XYZ123-0273,Drug A 10 mg,0.62,0.45
XYZ123-0274,Drug A 20 mg,0.98,0.6
XYZ123-0275,Placebo,2.58,0.66
XYZ123-0276,Drug A 10 mg,0.76,0.17
XYZ123-0277,Drug A 20 mg,0.75,1.36
XYZ123-0278,Placebo,1.31,0.59
XYZ123-0279,Drug A 10 mg,0.32,1.02
XYZ123-0280,Drug A 20 mg,1.23,0.88
