USUBJID,TRT01P,TRTDURM,BOR,RSPSTM,RSPENDM,ONGOING
XYZ123-0101,Placebo,2.2,CR,1.7,1.8,Y
XYZ123-0102,Drug A 10 mg,6.3,PR,1.8,4.2,Y
XYZ123-0103,Drug A 20 mg,20.1,PR,1.2,10.0,N
XYZ123-0104,Placebo,19.3,PR,3.6,5.9,N
XYZ123-0105,Drug A 10 mg,17.0,PD,,,N
XYZ123-0106,Drug A 20 mg,10.0,PR,1.6,9.5,N
XYZ123-0107,Placebo,3.4,PR,2.5,3.1,N
XYZ123-0108,Drug A 10 mg,19.6,CR,3.4,19.4,N
XYZ123-0109,Drug A 20 mg,20.6,PR,1.7,10.7,Y
XYZ123-0110,Placebo,22.2,SD,,,N
XYZ123-0111,Drug A 10 mg,21.6,CR,3.8,7.5,Y
XYZ123-0112,Drug A 20 mg,7.7,SD,,,Y
XYZ123-0113,Placebo,12.5,PR,1.9,12.2,Y
XYZ123-0114,Drug A 10 mg,22.4,SD,,,Y
XYZ123-0115,Drug A 20 mg,21.3,PD,,,Y
XYZ123-0116,Placebo,2.7,CR,1.5,2.3,N
XYZ123-0117,Drug A 10 mg,4.1,PD,,,N
XYZ123-0118,Drug A 20 mg,17.0,PD,,,Y
XYZ123-0119,Placebo,2.9,PD,,,N
XYZ123-0120,Drug A 10 mg,22.6,SD,,,Y
XYZ123-0121,Drug A 20 mg,15.8,PR,2.0,4.8,N
XYZ123-0122,Placebo,14.2,SD,,,Y
XYZ123-0123,Drug A 10 mg,16.0,CR,3.7,9.0,Y
XYZ123-0124,Drug A 20 mg,16.1,PR,1.1,14.1,N
XYZ123-0125,Placebo,10.9,PR,3.1,10.6,N
XYZ123-0126,Drug A 10 mg,4.6,PR,2.3,2.9,Y
XYZ123-0127,Drug A 20 mg,12.1,CR,3.1,3.4,N
XYZ123-0128,Placebo,9.7,PR,2.2,8.3,N
XYZ123-0129,Drug A 10 mg,5.9,PR,3.3,4.4,N
XYZ123-0130,Drug A 20 mg,14.2,SD,,,N
