USUBJID,TRT01P,PCHG,BOR
XYZ123-0101,Placebo,65.8,PD
XYZ123-0102,Drug A 10 mg,-23.6,SD
XYZ123-0103,Drug A 20 mg,17.0,SD
XYZ123-0104,Placebo,7.8,SD
XYZ123-0105,Drug A 10 mg,-38.7,PR
XYZ123-0106,Drug A 20 mg,-22.8,SD
XYZ123-0107,Placebo,6.6,SD
XYZ123-0108,Drug A 10 mg,-11.7,SD
XYZ123-0109,Drug A 20 mg,-58.3,PR
XYZ123-0110,Placebo,45.9,PD
XYZ123-0111,Drug A 10 mg,-2.1,SD
XYZ123-0112,Drug A 20 mg,-77.2,PR
XYZ123-0113,Placebo,38.9,PD
XYZ123-0114,Drug A 10 mg,-13.2,SD
XYZ123-0115,Drug A 20 mg,-24.2,SD
XYZ123-0116,Placebo,11.7,SD
XYZ123-0117,Drug A 10 mg,-23.9,SD
XYZ123-0118,Drug A 20 mg,-63.8,PR
XYZ123-0119,Placebo,1.0,SD
XYZ123-0120,Drug A 10 mg,-17.6,SD
XYZ123-0121,Drug A 20 mg,-26.3,SD
XYZ123-0122,Placebo,-19.5,SD
XYZ123-0123,Drug A 10 mg,-61.3,PR
XYZ123-0124,Drug A 20 mg,11.4,SD
XYZ123-0125,Placebo,30.6,PD
XYZ123-0126,Drug A 10 mg,-21.3,SD
XYZ123-0127,Drug A 20 mg,-27.4,SD
XYZ123-0128,Placebo,19.3,SD
XYZ123-0129,Drug A 10 mg,-13.8,SD
XYZ123-0130,Drug A 20 mg,-21.1,SD
XYZ123-0131,Placebo,-27.9,SD
XYZ123-0132,Drug A 10 mg,26.9,PD
XYZ123-0133,Drug A 20 mg,-52.7,PR
XYZ123-0134,Placebo,-11.0,SD
XYZ123-0135,Drug A 10 mg,-30.6,PR
XYZ123-0136,Drug A 20 mg,-61.0,PR
XYZ123-0137,Placebo,3.7,SD
XYZ123-0138,Drug A 10 mg,-21.9,SD
XYZ123-0139,Drug A 20 mg,9.8,SD
XYZ123-0140,Placebo,50.8,PD
XYZ123-0141,Drug A 10 mg,-9.4,SD
XYZ123-0142,Drug A 20 mg,12.8,SD
XYZ123-0143,Placebo,22.0,PD
XYZ123-0144,Drug A 10 mg,-9.6,SD
XYZ123-0145,Drug A 20 mg,-2.6,SD
XYZ123-0146,Placebo,-89.4,PR
XYZ123-0147,Drug A 10 mg,16.5,SD
XYZ123-0148,Drug A 20 mg,-61.7,PR
XYZ123-0149,Placebo,39.4,PD
XYZ123-0150,Drug A 10 mg,-8.1,SD
XYZ123-0151,Drug A 20 mg,-7.0,SD
XYZ123-0152,Placebo,-29.5,SD
XYZ123-0153,Drug A 10 mg,-12.8,SD
XYZ123-0154,Drug A 20 mg,-85.7,PR
XYZ123-0155,Placebo,-12.7,SD
XYZ123-0156,Drug A 10 mg,-0.4,SD
XYZ123-0157,Drug A 20 mg,-52.2,PR
XYZ123-0158,Placebo,-34.5,PR
XYZ123-0159,Drug A 10 mg,-11.7,SD
XYZ123-0160,Drug A 20 mg,-21.6,SD
XYZ123-0161,Placebo,1.7,SD
XYZ123-0162,Drug A 10 mg,5.5,SD
XYZ123-0163,Drug A 20 mg,1.5,SD
XYZ123-0164,Placebo,-4.6,SD
XYZ123-0165,Drug A 10 mg,-49.8,PR
XYZ123-0166,Drug A 20 mg,-57.6,PR
XYZ123-0167,Placebo,76.1,PD
XYZ123-0168,Drug A 10 mg,15.3,SD
XYZ123-0169,Drug A 20 mg,-57.2,PR
XYZ123-0170,Placebo,26.7,PD
XYZ123-0171,Drug A 10 mg,-25.4,SD
XYZ123-0172,Drug A 20 mg,-41.9,PR
XYZ123-0173,Placebo,58.6,PD
XYZ123-0174,Drug A 10 mg,-14.7,SD
XYZ123-0175,Drug A 20 mg,-17.8,SD
XYZ123-0176,Placebo,18.2,SD
XYZ123-0177,Drug A 10 mg,10.8,SD
XYZ123-0178,Drug A 20 mg,37.2,PD
XYZ123-0179,Placebo,-27.9,SD
XYZ123-0180,Drug A 10 mg,-5.8,SD
XYZ123-0181,Drug A 20 mg,-25.5,SD
XYZ123-0182,Placebo,25.9,PD
XYZ123-0183,Drug A 10 mg,-7.6,SD
XYZ123-0184,Drug A 20 mg,-52.2,PR
XYZ123-0185,Placebo,23.9,PD
XYZ123-0186,Drug A 10 mg,-27.0,SD
XYZ123-0187,Drug A 20 mg,-49.9,PR
XYZ123-0188,Placebo,27.3,PD
XYZ123-0189,Drug A 10 mg,39.1,PD
XYZ123-0190,Drug A 20 mg,-41.3,PR
